[{"companyName":"CAPGEMINI AMERICA INC","submissionCount":1092,"passCount":1055,"year":2016,"track":"Data Science"},{"companyName":"TATA CONSULTANCY SERVICES LIMITED","submissionCount":568,"passCount":565,"year":2016,"track":"Data Science"},{"companyName":"IBM INDIA PRIVATE LIMITED","submissionCount":262,"passCount":226,"year":2016,"track":"Data Science"},{"companyName":"WIPRO LIMITED","submissionCount":207,"passCount":201,"year":2016,"track":"Data Science"},{"companyName":"TECH MAHINDRA (AMERICAS)INC","submissionCount":191,"passCount":190,"year":2016,"track":"Data Science"},{"companyName":"AMAZON CORPORATE LLC","submissionCount":131,"passCount":127,"year":2016,"track":"Data Science"},{"companyName":"MICROSOFT CORPORATION","submissionCount":128,"passCount":128,"year":2016,"track":"Data Science"},{"companyName":"ECLINICALWORKS LLC","submissionCount":115,"passCount":112,"year":2016,"track":"Data Science"},{"companyName":"TEXARA SOLUTIONS LLC","submissionCount":108,"passCount":97,"year":2016,"track":"Data Science"},{"companyName":"CAPITAL ONE SERVICES LLC","submissionCount":101,"passCount":98,"year":2016,"track":"Data Science"},{"companyName":"FACEBOOK INC","submissionCount":96,"passCount":95,"year":2016,"track":"Data Science"},{"companyName":"INFOLOB SOLUTIONS INC","submissionCount":84,"passCount":81,"year":2016,"track":"Data Science"},{"companyName":"L&T TECHNOLOGY SERVICES LIMITED","submissionCount":83,"passCount":77,"year":2016,"track":"Data Science"},{"companyName":"FUJITSU AMERICA INC","submissionCount":79,"passCount":78,"year":2016,"track":"Data Science"},{"companyName":"SREE INFOTECH LLC","submissionCount":69,"passCount":67,"year":2016,"track":"Data Science"},{"companyName":"PYRAMID TECHNOLOGY SOLUTIONS INC","submissionCount":68,"passCount":68,"year":2016,"track":"Data Science"},{"companyName":"COMPUNNEL SOFTWARE GROUP INC","submissionCount":66,"passCount":66,"year":2016,"track":"Data Science"},{"companyName":"ACCENTURE LLP","submissionCount":65,"passCount":64,"year":2016,"track":"Data Science"},{"companyName":"CALIFORNIA CREATIVE SOLUTIONS INC","submissionCount":63,"passCount":60,"year":2016,"track":"Data Science"},{"companyName":"SIRI INFOSOLUTIONS INC","submissionCount":62,"passCount":59,"year":2016,"track":"Data Science"},{"companyName":"UBER TECHNOLOGIES INC","submissionCount":61,"passCount":60,"year":2016,"track":"Data Science"},{"companyName":"JPMORGAN CHASE & CO","submissionCount":61,"passCount":58,"year":2016,"track":"Data Science"},{"companyName":"SALESFORCECOM INC","submissionCount":59,"passCount":53,"year":2016,"track":"Data Science"},{"companyName":"IGATE TECHNOLOGIES INC","submissionCount":58,"passCount":54,"year":2016,"track":"Data Science"},{"companyName":"TEK SERVICES LLC","submissionCount":57,"passCount":54,"year":2016,"track":"Data Science"},{"companyName":"TECH MAHINDRA (AMERICAS) INC","submissionCount":54,"passCount":48,"year":2016,"track":"Data Science"},{"companyName":"CAPITAL ONE NATIONAL ASSOCIATION","submissionCount":53,"passCount":52,"year":2016,"track":"Data Science"},{"companyName":"ADS ALLIANCE DATA SYSTEMS INC","submissionCount":52,"passCount":51,"year":2016,"track":"Data Science"},{"companyName":"VEDICSOFT SOLUTIONS LLC","submissionCount":52,"passCount":51,"year":2016,"track":"Data Science"},{"companyName":"INTUIT INC","submissionCount":52,"passCount":49,"year":2016,"track":"Data Science"},{"companyName":"LARSEN & TOUBRO INFOTECH LIMITED","submissionCount":51,"passCount":46,"year":2016,"track":"Data Science"},{"companyName":"LINKEDIN CORPORATION","submissionCount":48,"passCount":47,"year":2016,"track":"Data Science"},{"companyName":"IBM CORPORATION","submissionCount":48,"passCount":38,"year":2016,"track":"Data Science"},{"companyName":"PAYPAL INC","submissionCount":46,"passCount":44,"year":2016,"track":"Data Science"},{"companyName":"WAL-MART ASSOCIATES INC","submissionCount":41,"passCount":40,"year":2016,"track":"Data Science"},{"companyName":"APPLAB SYSTEMS INC","submissionCount":40,"passCount":40,"year":2016,"track":"Data Science"},{"companyName":"CYBERTHINK INC","submissionCount":40,"passCount":40,"year":2016,"track":"Data Science"},{"companyName":"SVV INFOTECH INC","submissionCount":40,"passCount":40,"year":2016,"track":"Data Science"},{"companyName":"VENTOIS INC","submissionCount":40,"passCount":40,"year":2016,"track":"Data Science"},{"companyName":"GEO LOGIC SYSTEMS CORP","submissionCount":39,"passCount":39,"year":2016,"track":"Data Science"},{"companyName":"UST GLOBAL INC","submissionCount":39,"passCount":37,"year":2016,"track":"Data Science"},{"companyName":"NTT DATA INC","submissionCount":38,"passCount":38,"year":2016,"track":"Data Science"},{"companyName":"SUNMERGE SYSTEMS INC","submissionCount":38,"passCount":38,"year":2016,"track":"Data Science"},{"companyName":"SOFTPATH SYSTEM LLC","submissionCount":38,"passCount":36,"year":2016,"track":"Data Science"},{"companyName":"ACCENZ LLC","submissionCount":38,"passCount":28,"year":2016,"track":"Data Science"},{"companyName":"POPULUS GROUP LLC","submissionCount":37,"passCount":37,"year":2016,"track":"Data Science"},{"companyName":"FUSION PLUS SOLUTIONS INC","submissionCount":37,"passCount":33,"year":2016,"track":"Data Science"},{"companyName":"INTONE NETWORKS INC","submissionCount":35,"passCount":35,"year":2016,"track":"Data Science"},{"companyName":"CAPITAL ONE SERVICES II LLC","submissionCount":34,"passCount":33,"year":2016,"track":"Data Science"},{"companyName":"TALENT9 INC","submissionCount":33,"passCount":33,"year":2016,"track":"Data Science"},{"companyName":"TATA CONSULTANCY SERVICES LIMITED","submissionCount":989,"passCount":986,"year":2015,"track":"Data Science"},{"companyName":"IBM INDIA PRIVATE LIMITED","submissionCount":285,"passCount":250,"year":2015,"track":"Data Science"},{"companyName":"FUJITSU AMERICA INC","submissionCount":282,"passCount":268,"year":2015,"track":"Data Science"},{"companyName":"WIPRO LIMITED","submissionCount":277,"passCount":271,"year":2015,"track":"Data Science"},{"companyName":"TECH MAHINDRA (AMERICAS)INC","submissionCount":112,"passCount":112,"year":2015,"track":"Data Science"},{"companyName":"INFOLOB SOLUTIONS INC","submissionCount":97,"passCount":95,"year":2015,"track":"Data Science"},{"companyName":"SREE INFOTECH LLC","submissionCount":86,"passCount":85,"year":2015,"track":"Data Science"},{"companyName":"TECH MAHINDRA (AMERICAS) INC","submissionCount":86,"passCount":81,"year":2015,"track":"Data Science"},{"companyName":"MICROSOFT CORPORATION","submissionCount":85,"passCount":85,"year":2015,"track":"Data Science"},{"companyName":"TEK SERVICES LLC","submissionCount":83,"passCount":81,"year":2015,"track":"Data Science"},{"companyName":"CAPITAL ONE SERVICES LLC","submissionCount":81,"passCount":79,"year":2015,"track":"Data Science"},{"companyName":"FACEBOOK INC","submissionCount":73,"passCount":73,"year":2015,"track":"Data Science"},{"companyName":"AMAZON CORPORATE LLC","submissionCount":67,"passCount":66,"year":2015,"track":"Data Science"},{"companyName":"VEDICSOFT SOLUTIONS LLC","submissionCount":64,"passCount":60,"year":2015,"track":"Data Science"},{"companyName":"JPMORGAN CHASE & CO","submissionCount":61,"passCount":60,"year":2015,"track":"Data Science"},{"companyName":"TEXARA SOLUTIONS LLC","submissionCount":60,"passCount":60,"year":2015,"track":"Data Science"},{"companyName":"IGATE TECHNOLOGIES INC","submissionCount":59,"passCount":59,"year":2015,"track":"Data Science"},{"companyName":"BELL INFO SOLUTIONS LLC","submissionCount":59,"passCount":58,"year":2015,"track":"Data Science"},{"companyName":"SIRI INFOSOLUTIONS INC","submissionCount":54,"passCount":49,"year":2015,"track":"Data Science"},{"companyName":"DELOITTE TRANSACTIONS AND BUSINESS ANALYTICS LLP","submissionCount":52,"passCount":50,"year":2015,"track":"Data Science"},{"companyName":"CYBERTHINK INC","submissionCount":49,"passCount":48,"year":2015,"track":"Data Science"},{"companyName":"ECLINICALWORKS LLC","submissionCount":49,"passCount":44,"year":2015,"track":"Data Science"},{"companyName":"ACCENTURE LLP","submissionCount":45,"passCount":44,"year":2015,"track":"Data Science"},{"companyName":"SYSTEM SOFT TECHNOLOGIES LLC","submissionCount":44,"passCount":41,"year":2015,"track":"Data Science"},{"companyName":"COMPUNNEL SOFTWARE GROUP INC","submissionCount":43,"passCount":43,"year":2015,"track":"Data Science"},{"companyName":"TALENT9 INC","submissionCount":43,"passCount":43,"year":2015,"track":"Data Science"},{"companyName":"LARSEN & TOUBRO INFOTECH LIMITED","submissionCount":42,"passCount":42,"year":2015,"track":"Data Science"},{"companyName":"SUNMERGE SYSTEMS INC","submissionCount":42,"passCount":42,"year":2015,"track":"Data Science"},{"companyName":"RANDSTAD TECHNOLOGIES LP","submissionCount":42,"passCount":41,"year":2015,"track":"Data Science"},{"companyName":"TERADATA OPERATIONS INC","submissionCount":42,"passCount":41,"year":2015,"track":"Data Science"},{"companyName":"CAPITAL ONE NATIONAL ASSOCIATION","submissionCount":40,"passCount":39,"year":2015,"track":"Data Science"},{"companyName":"PVR AMERICA INC","submissionCount":40,"passCount":38,"year":2015,"track":"Data Science"},{"companyName":"SOFTPATH SYSTEM LLC","submissionCount":39,"passCount":39,"year":2015,"track":"Data Science"},{"companyName":"LINKEDIN CORPORATION","submissionCount":37,"passCount":34,"year":2015,"track":"Data Science"},{"companyName":"MASTECH INC A MASTECH HOLDINGS INC COMPANY","submissionCount":35,"passCount":35,"year":2015,"track":"Data Science"},{"companyName":"VIGILANT TECHNOLOGIES LLC","submissionCount":35,"passCount":35,"year":2015,"track":"Data Science"},{"companyName":"INTUIT INC","submissionCount":35,"passCount":30,"year":2015,"track":"Data Science"},{"companyName":"ADS ALLIANCE DATA SYSTEMS INC","submissionCount":34,"passCount":34,"year":2015,"track":"Data Science"},{"companyName":"WAL-MART ASSOCIATES INC","submissionCount":34,"passCount":34,"year":2015,"track":"Data Science"},{"companyName":"SALESFORCECOM INC","submissionCount":34,"passCount":33,"year":2015,"track":"Data Science"},{"companyName":"ULAB INC","submissionCount":34,"passCount":32,"year":2015,"track":"Data Science"},{"companyName":"KPIT INFOSYSTEMS INC","submissionCount":32,"passCount":32,"year":2015,"track":"Data Science"},{"companyName":"POPULUS GROUP","submissionCount":32,"passCount":31,"year":2015,"track":"Data Science"},{"companyName":"IBM CORPORATION","submissionCount":32,"passCount":28,"year":2015,"track":"Data Science"},{"companyName":"FUSION PLUS SOLUTIONS INC","submissionCount":31,"passCount":30,"year":2015,"track":"Data Science"},{"companyName":"PYRAMID TECHNOLOGY SOLUTIONS INC","submissionCount":30,"passCount":30,"year":2015,"track":"Data Science"},{"companyName":"COMSCORE INC","submissionCount":30,"passCount":29,"year":2015,"track":"Data Science"},{"companyName":"LARSEN & TOUBRO TECHNOLOGY SERVICES LTD","submissionCount":30,"passCount":29,"year":2015,"track":"Data Science"},{"companyName":"HITACHI CONSULTING CORPORATION","submissionCount":29,"passCount":28,"year":2015,"track":"Data Science"},{"companyName":"MARGIN5 SOLUTIONS INC","submissionCount":29,"passCount":27,"year":2015,"track":"Data Science"},{"companyName":"TATA CONSULTANCY SERVICES LIMITED","submissionCount":677,"passCount":670,"year":2014,"track":"Data Science"},{"companyName":"WIPRO LIMITED","submissionCount":164,"passCount":162,"year":2014,"track":"Data Science"},{"companyName":"IBM INDIA PRIVATE LIMITED","submissionCount":140,"passCount":119,"year":2014,"track":"Data Science"},{"companyName":"INFOLOB SOLUTIONS INC","submissionCount":139,"passCount":138,"year":2014,"track":"Data Science"},{"companyName":"TEK SERVICES LLC","submissionCount":90,"passCount":85,"year":2014,"track":"Data Science"},{"companyName":"ECLINICALWORKS LLC","submissionCount":82,"passCount":77,"year":2014,"track":"Data Science"},{"companyName":"TECH MAHINDRA (AMERICAS) INC","submissionCount":81,"passCount":77,"year":2014,"track":"Data Science"},{"companyName":"SREE INFOTECH LLC","submissionCount":75,"passCount":75,"year":2014,"track":"Data Science"},{"companyName":"VEDICSOFT","submissionCount":70,"passCount":70,"year":2014,"track":"Data Science"},{"companyName":"CAPITAL ONE SERVICES LLC","submissionCount":67,"passCount":67,"year":2014,"track":"Data Science"},{"companyName":"LARSEN & TOUBRO INFOTECH LIMITED","submissionCount":62,"passCount":58,"year":2014,"track":"Data Science"},{"companyName":"FACEBOOK INC","submissionCount":59,"passCount":56,"year":2014,"track":"Data Science"},{"companyName":"JPMORGAN CHASE & CO","submissionCount":58,"passCount":54,"year":2014,"track":"Data Science"},{"companyName":"AMAZON CORPORATE LLC","submissionCount":54,"passCount":52,"year":2014,"track":"Data Science"},{"companyName":"SYSTEM SOFT TECHNOLOGIES LLC","submissionCount":51,"passCount":48,"year":2014,"track":"Data Science"},{"companyName":"SUNMERGE SYSTEMS INC","submissionCount":49,"passCount":49,"year":2014,"track":"Data Science"},{"companyName":"HCL AMERICA INC","submissionCount":48,"passCount":47,"year":2014,"track":"Data Science"},{"companyName":"CAPGEMINI US LLC","submissionCount":40,"passCount":36,"year":2014,"track":"Data Science"},{"companyName":"HITACHI CONSULTING CORPORATION","submissionCount":39,"passCount":35,"year":2014,"track":"Data Science"},{"companyName":"TECH MAHINDRA (AMERICAS)INC","submissionCount":37,"passCount":37,"year":2014,"track":"Data Science"},{"companyName":"IGATE TECHNOLOGIES INC","submissionCount":37,"passCount":36,"year":2014,"track":"Data Science"},{"companyName":"RANDSTAD TECHNOLOGIES LP","submissionCount":35,"passCount":33,"year":2014,"track":"Data Science"},{"companyName":"SIRI INFOSOLUTIONS INC","submissionCount":34,"passCount":32,"year":2014,"track":"Data Science"},{"companyName":"ADS ALLIANCE DATA SYSTEMS INC","submissionCount":33,"passCount":33,"year":2014,"track":"Data Science"},{"companyName":"OPTUM SERVICES INC","submissionCount":33,"passCount":32,"year":2014,"track":"Data Science"},{"companyName":"IDB ADMINS INC","submissionCount":32,"passCount":31,"year":2014,"track":"Data Science"},{"companyName":"CYBERTHINK INC","submissionCount":31,"passCount":31,"year":2014,"track":"Data Science"},{"companyName":"DELOITTE TRANSACTIONS AND BUSINESS ANALYTICS LLP","submissionCount":31,"passCount":31,"year":2014,"track":"Data Science"},{"companyName":"BELL INFO SOLUTIONS LLC","submissionCount":31,"passCount":29,"year":2014,"track":"Data Science"},{"companyName":"FUSION PLUS SOLUTIONS INC","submissionCount":30,"passCount":29,"year":2014,"track":"Data Science"},{"companyName":"CVS PHARMACY INC","submissionCount":29,"passCount":29,"year":2014,"track":"Data Science"},{"companyName":"EXPEDIA INC","submissionCount":28,"passCount":26,"year":2014,"track":"Data Science"},{"companyName":"TECH MAHINDRA ( AMERICAS) INC","submissionCount":27,"passCount":27,"year":2014,"track":"Data Science"},{"companyName":"COMSCORE INC","submissionCount":26,"passCount":26,"year":2014,"track":"Data Science"},{"companyName":"EVEREST CONSULTING GROUP INC","submissionCount":26,"passCount":26,"year":2014,"track":"Data Science"},{"companyName":"ASTIR IT SOLUTIONS INC","submissionCount":26,"passCount":25,"year":2014,"track":"Data Science"},{"companyName":"SOFTPATH SYSTEM LLC","submissionCount":26,"passCount":25,"year":2014,"track":"Data Science"},{"companyName":"COMPUNNEL SOFTWARE GROUP INC","submissionCount":25,"passCount":25,"year":2014,"track":"Data Science"},{"companyName":"INFOSYTECH SOLUTIONS INC","submissionCount":25,"passCount":25,"year":2014,"track":"Data Science"},{"companyName":"TALENT9 INC","submissionCount":25,"passCount":23,"year":2014,"track":"Data Science"},{"companyName":"PVR AMERICA INC","submissionCount":24,"passCount":24,"year":2014,"track":"Data Science"},{"companyName":"APPLE INC","submissionCount":24,"passCount":23,"year":2014,"track":"Data Science"},{"companyName":"PANTAR SOLUTIONS INC","submissionCount":23,"passCount":23,"year":2014,"track":"Data Science"},{"companyName":"SALESFORCECOM INC","submissionCount":23,"passCount":23,"year":2014,"track":"Data Science"},{"companyName":"STERLING 5 INC","submissionCount":23,"passCount":23,"year":2014,"track":"Data Science"},{"companyName":"TERADATA OPERATIONS INC","submissionCount":23,"passCount":23,"year":2014,"track":"Data Science"},{"companyName":"MICROSOFT CORPORATION","submissionCount":23,"passCount":21,"year":2014,"track":"Data Science"},{"companyName":"ITC INFOTECH (USA) INC","submissionCount":22,"passCount":22,"year":2014,"track":"Data Science"},{"companyName":"NRICH ENTERPRISE SOLUTIONS LLC","submissionCount":22,"passCount":22,"year":2014,"track":"Data Science"},{"companyName":"YAHOO! INC","submissionCount":22,"passCount":22,"year":2014,"track":"Data Science"},{"companyName":"TATA CONSULTANCY SERVICES LIMITED","submissionCount":521,"passCount":520,"year":2013,"track":"Data Science"},{"companyName":"WIPRO LIMITED","submissionCount":112,"passCount":109,"year":2013,"track":"Data Science"},{"companyName":"TEK SERVICES LLC","submissionCount":73,"passCount":67,"year":2013,"track":"Data Science"},{"companyName":"SATYAM COMPUTER SERVICES LTD","submissionCount":71,"passCount":71,"year":2013,"track":"Data Science"},{"companyName":"IBM INDIA PRIVATE LIMITED","submissionCount":67,"passCount":59,"year":2013,"track":"Data Science"},{"companyName":"AMAZON CORPORATE LLC","submissionCount":63,"passCount":63,"year":2013,"track":"Data Science"},{"companyName":"VEDICSOFT","submissionCount":59,"passCount":59,"year":2013,"track":"Data Science"},{"companyName":"ECLINICALWORKS LLC","submissionCount":59,"passCount":54,"year":2013,"track":"Data Science"},{"companyName":"INFOLOB SOLUTIONS INC","submissionCount":54,"passCount":51,"year":2013,"track":"Data Science"},{"companyName":"SREE INFOTECH LLC","submissionCount":52,"passCount":50,"year":2013,"track":"Data Science"},{"companyName":"ADS ALLIANCE DATA SYSTEMS INC","submissionCount":49,"passCount":46,"year":2013,"track":"Data Science"},{"companyName":"MASTECH INC A MASTECH HOLDINGS INC COMPANY","submissionCount":47,"passCount":47,"year":2013,"track":"Data Science"},{"companyName":"LARSEN & TOUBRO INFOTECH LIMITED","submissionCount":47,"passCount":46,"year":2013,"track":"Data Science"},{"companyName":"CAPITAL ONE SERVICES LLC","submissionCount":43,"passCount":39,"year":2013,"track":"Data Science"},{"companyName":"ULAB INC","submissionCount":42,"passCount":41,"year":2013,"track":"Data Science"},{"companyName":"SYSTEM SOFT TECHNOLOGIES LLC","submissionCount":39,"passCount":39,"year":2013,"track":"Data Science"},{"companyName":"HCL AMERICA INC","submissionCount":37,"passCount":37,"year":2013,"track":"Data Science"},{"companyName":"IGATE TECHNOLOGIES INC","submissionCount":36,"passCount":35,"year":2013,"track":"Data Science"},{"companyName":"SUNMERGE SYSTEMS INC","submissionCount":33,"passCount":32,"year":2013,"track":"Data Science"},{"companyName":"FACEBOOK INC","submissionCount":32,"passCount":32,"year":2013,"track":"Data Science"},{"companyName":"JPMORGAN CHASE & CO","submissionCount":31,"passCount":31,"year":2013,"track":"Data Science"},{"companyName":"ITECH US INC","submissionCount":29,"passCount":26,"year":2013,"track":"Data Science"},{"companyName":"CYBERTHINK INC","submissionCount":28,"passCount":28,"year":2013,"track":"Data Science"},{"companyName":"INTONE NETWORKS INC","submissionCount":28,"passCount":27,"year":2013,"track":"Data Science"},{"companyName":"RANDSTAD TECHNOLOGIES LP","submissionCount":28,"passCount":27,"year":2013,"track":"Data Science"},{"companyName":"COMPUNNEL SOFTWARE GROUP INC","submissionCount":27,"passCount":27,"year":2013,"track":"Data Science"},{"companyName":"HITACHI CONSULTING CORPORATION","submissionCount":27,"passCount":27,"year":2013,"track":"Data Science"},{"companyName":"STERLING 5 INC","submissionCount":27,"passCount":27,"year":2013,"track":"Data Science"},{"companyName":"HTC GLOBAL SERVICES INC","submissionCount":26,"passCount":26,"year":2013,"track":"Data Science"},{"companyName":"LINKEDIN CORPORATION","submissionCount":26,"passCount":26,"year":2013,"track":"Data Science"},{"companyName":"LOGISTIC SOLUTIONS INC","submissionCount":26,"passCount":26,"year":2013,"track":"Data Science"},{"companyName":"INFOVISION TECHNOLOGIES INC","submissionCount":25,"passCount":25,"year":2013,"track":"Data Science"},{"companyName":"EXPERIS US INC","submissionCount":25,"passCount":22,"year":2013,"track":"Data Science"},{"companyName":"HANUSOFT INC","submissionCount":24,"passCount":24,"year":2013,"track":"Data Science"},{"companyName":"APPLE INC","submissionCount":24,"passCount":22,"year":2013,"track":"Data Science"},{"companyName":"BLOOMBERG LP","submissionCount":23,"passCount":21,"year":2013,"track":"Data Science"},{"companyName":"EXPEDIA INC","submissionCount":23,"passCount":21,"year":2013,"track":"Data Science"},{"companyName":"INOVALON INC","submissionCount":21,"passCount":20,"year":2013,"track":"Data Science"},{"companyName":"SIRI INFOSOLUTIONS INC","submissionCount":21,"passCount":19,"year":2013,"track":"Data Science"},{"companyName":"COMSCORE INC","submissionCount":20,"passCount":19,"year":2013,"track":"Data Science"},{"companyName":"NRICH ENTERPRISE SOLUTIONS LLC","submissionCount":20,"passCount":19,"year":2013,"track":"Data Science"},{"companyName":"PANTAR SOLUTIONS INC","submissionCount":20,"passCount":19,"year":2013,"track":"Data Science"},{"companyName":"MARGIN5 SOLUTIONS INC","submissionCount":19,"passCount":18,"year":2013,"track":"Data Science"},{"companyName":"EVEREST CONSULTING GROUP INC","submissionCount":18,"passCount":18,"year":2013,"track":"Data Science"},{"companyName":"SWARN INC","submissionCount":18,"passCount":18,"year":2013,"track":"Data Science"},{"companyName":"TECH MAHINDRA (AMERICAS) INC","submissionCount":18,"passCount":18,"year":2013,"track":"Data Science"},{"companyName":"IDB ADMINS INC","submissionCount":18,"passCount":14,"year":2013,"track":"Data Science"},{"companyName":"DELASOFT INC","submissionCount":17,"passCount":17,"year":2013,"track":"Data Science"},{"companyName":"KPIT INFOSYSTEMS INC","submissionCount":17,"passCount":17,"year":2013,"track":"Data Science"},{"companyName":"YASH SOLUTIONS LLC","submissionCount":17,"passCount":16,"year":2013,"track":"Data Science"},{"companyName":"TATA CONSULTANCY SERVICES LIMITED","submissionCount":443,"passCount":442,"year":2012,"track":"Data Science"},{"companyName":"WIPRO LIMITED","submissionCount":113,"passCount":111,"year":2012,"track":"Data Science"},{"companyName":"ECLINICALWORKS LLC","submissionCount":95,"passCount":82,"year":2012,"track":"Data Science"},{"companyName":"IBM INDIA PRIVATE LIMITED","submissionCount":75,"passCount":71,"year":2012,"track":"Data Science"},{"companyName":"SATYAM COMPUTER SERVICES LIMITED","submissionCount":58,"passCount":57,"year":2012,"track":"Data Science"},{"companyName":"PATNI AMERICAS INC","submissionCount":56,"passCount":54,"year":2012,"track":"Data Science"},{"companyName":"CAPITAL ONE SERVICES LLC","submissionCount":54,"passCount":52,"year":2012,"track":"Data Science"},{"companyName":"MASTECH INC A MASTECH HOLDINGS INC COMPANY","submissionCount":46,"passCount":45,"year":2012,"track":"Data Science"},{"companyName":"TEK SERVICES LLC","submissionCount":46,"passCount":44,"year":2012,"track":"Data Science"},{"companyName":"AMAZON CORPORATE LLC","submissionCount":43,"passCount":42,"year":2012,"track":"Data Science"},{"companyName":"INFOLOB SOLUTIONS INC","submissionCount":43,"passCount":41,"year":2012,"track":"Data Science"},{"companyName":"SREE INFOTECH LLC","submissionCount":42,"passCount":40,"year":2012,"track":"Data Science"},{"companyName":"SIRI INFOSOLUTIONS INC","submissionCount":34,"passCount":34,"year":2012,"track":"Data Science"},{"companyName":"SYSTEM SOFT TECHNOLOGIES LLC","submissionCount":34,"passCount":33,"year":2012,"track":"Data Science"},{"companyName":"VEDICSOFT SOLUTIONS INC","submissionCount":33,"passCount":31,"year":2012,"track":"Data Science"},{"companyName":"HCL AMERICA INC","submissionCount":32,"passCount":32,"year":2012,"track":"Data Science"},{"companyName":"KPIT INFOSYSTEMS INC","submissionCount":32,"passCount":30,"year":2012,"track":"Data Science"},{"companyName":"QUADGEN WIRELESS SOLUTIONS INC","submissionCount":29,"passCount":29,"year":2012,"track":"Data Science"},{"companyName":"JPMORGAN CHASE & CO","submissionCount":28,"passCount":27,"year":2012,"track":"Data Science"},{"companyName":"CYBERTHINK INC","submissionCount":28,"passCount":26,"year":2012,"track":"Data Science"},{"companyName":"HANUSOFT INC","submissionCount":27,"passCount":25,"year":2012,"track":"Data Science"},{"companyName":"LARSEN & TOUBRO INFOTECH LIMITED","submissionCount":25,"passCount":25,"year":2012,"track":"Data Science"},{"companyName":"POPULUS GROUP","submissionCount":24,"passCount":22,"year":2012,"track":"Data Science"},{"companyName":"BLOOMBERG LP","submissionCount":23,"passCount":23,"year":2012,"track":"Data Science"},{"companyName":"STERLING 5 INC","submissionCount":23,"passCount":23,"year":2012,"track":"Data Science"},{"companyName":"SUNMERGE SYSTEMS INC","submissionCount":23,"passCount":23,"year":2012,"track":"Data Science"},{"companyName":"YASH SOLUTIONS LLC","submissionCount":23,"passCount":23,"year":2012,"track":"Data Science"},{"companyName":"YAHOO! INC","submissionCount":23,"passCount":22,"year":2012,"track":"Data Science"},{"companyName":"APPLE INC","submissionCount":22,"passCount":22,"year":2012,"track":"Data Science"},{"companyName":"LINKEDIN CORPORATION","submissionCount":22,"passCount":22,"year":2012,"track":"Data Science"},{"companyName":"ADS ALLIANCE DATA SYSTEMS INC","submissionCount":22,"passCount":21,"year":2012,"track":"Data Science"},{"companyName":"HTC GLOBAL SERVICES INC","submissionCount":20,"passCount":20,"year":2012,"track":"Data Science"},{"companyName":"ITECH US INC","submissionCount":20,"passCount":20,"year":2012,"track":"Data Science"},{"companyName":"INFOVISION TECHNOLOGIES INC","submissionCount":19,"passCount":19,"year":2012,"track":"Data Science"},{"companyName":"COMSCORE INC","submissionCount":19,"passCount":18,"year":2012,"track":"Data Science"},{"companyName":"COMPUNNEL SOFTWARE GROUP INC","submissionCount":18,"passCount":18,"year":2012,"track":"Data Science"},{"companyName":"TECH MAHINDRA (AMERICAS) INC","submissionCount":17,"passCount":16,"year":2012,"track":"Data Science"},{"companyName":"UNIVERSAL SOFTWARE CORPORATION","submissionCount":17,"passCount":15,"year":2012,"track":"Data Science"},{"companyName":"EXPERIS US INC","submissionCount":16,"passCount":16,"year":2012,"track":"Data Science"},{"companyName":"ORACLE AMERICA INC","submissionCount":16,"passCount":15,"year":2012,"track":"Data Science"},{"companyName":"VLS SYSTEMS INC","submissionCount":16,"passCount":15,"year":2012,"track":"Data Science"},{"companyName":"ZIFF BROTHERS INVESTMENTS LLC","submissionCount":16,"passCount":15,"year":2012,"track":"Data Science"},{"companyName":"MARGIN5 SOLUTIONS INC","submissionCount":15,"passCount":14,"year":2012,"track":"Data Science"},{"companyName":"CAPITAL IQ INC (SUBSIDIARY OF THE MCGRAW-HILL CO","submissionCount":14,"passCount":14,"year":2012,"track":"Data Science"},{"companyName":"IGATE TECHNOLOGIES INC","submissionCount":14,"passCount":14,"year":2012,"track":"Data Science"},{"companyName":"RANDSTAD TECHNOLOGIES LP","submissionCount":14,"passCount":14,"year":2012,"track":"Data Science"},{"companyName":"WASHINGTON UNIVERSITY IN ST LOUIS","submissionCount":14,"passCount":14,"year":2012,"track":"Data Science"},{"companyName":"PANTAR SOLUTIONS INC","submissionCount":14,"passCount":13,"year":2012,"track":"Data Science"},{"companyName":"EXPEDIA INC","submissionCount":13,"passCount":12,"year":2012,"track":"Data Science"},{"companyName":"CANVAS INFOTECH INC","submissionCount":13,"passCount":11,"year":2012,"track":"Data Science"},{"companyName":"TATA CONSULTANCY SERVICES LIMITED","submissionCount":302,"passCount":296,"year":2011,"track":"Data Science"},{"companyName":"ECLINICALWORKS LLC","submissionCount":125,"passCount":121,"year":2011,"track":"Data Science"},{"companyName":"HCL AMERICA INC","submissionCount":57,"passCount":53,"year":2011,"track":"Data Science"},{"companyName":"CAPITAL ONE SERVICES LLC","submissionCount":56,"passCount":55,"year":2011,"track":"Data Science"},{"companyName":"FUJITSU AMERICA INC","submissionCount":55,"passCount":35,"year":2011,"track":"Data Science"},{"companyName":"INFOLOB SOLUTIONS INC","submissionCount":42,"passCount":41,"year":2011,"track":"Data Science"},{"companyName":"SREE INFOTECH LLC","submissionCount":41,"passCount":35,"year":2011,"track":"Data Science"},{"companyName":"WIPRO LIMITED","submissionCount":35,"passCount":35,"year":2011,"track":"Data Science"},{"companyName":"PATNI AMERICAS INC","submissionCount":29,"passCount":28,"year":2011,"track":"Data Science"},{"companyName":"AMAZON CORPORATE LLC","submissionCount":28,"passCount":28,"year":2011,"track":"Data Science"},{"companyName":"STERLING 5 INC","submissionCount":27,"passCount":27,"year":2011,"track":"Data Science"},{"companyName":"ADS ALLIANCE DATA SYSTEMS INC","submissionCount":26,"passCount":26,"year":2011,"track":"Data Science"},{"companyName":"KPIT INFOSYSTEMS INC","submissionCount":26,"passCount":26,"year":2011,"track":"Data Science"},{"companyName":"CYBERTHINK INC","submissionCount":26,"passCount":25,"year":2011,"track":"Data Science"},{"companyName":"VEDICSOFT SOLUTIONS INC","submissionCount":26,"passCount":24,"year":2011,"track":"Data Science"},{"companyName":"SATYAM COMPUTER SERVICES LTD","submissionCount":25,"passCount":25,"year":2011,"track":"Data Science"},{"companyName":"BLOOMBERG LP","submissionCount":24,"passCount":24,"year":2011,"track":"Data Science"},{"companyName":"HANUSOFT INC","submissionCount":24,"passCount":23,"year":2011,"track":"Data Science"},{"companyName":"SYSTEM SOFT TECHNOLOGIES LLC","submissionCount":22,"passCount":20,"year":2011,"track":"Data Science"},{"companyName":"QUADGEN WIRELESS SOLUTIONS INC","submissionCount":21,"passCount":20,"year":2011,"track":"Data Science"},{"companyName":"POPULUS GROUP","submissionCount":20,"passCount":20,"year":2011,"track":"Data Science"},{"companyName":"ORACLE AMERICA INC","submissionCount":20,"passCount":18,"year":2011,"track":"Data Science"},{"companyName":"LARSEN & TOUBRO INFOTECH LIMITED","submissionCount":19,"passCount":18,"year":2011,"track":"Data Science"},{"companyName":"EXPEDIA INC","submissionCount":18,"passCount":18,"year":2011,"track":"Data Science"},{"companyName":"KRONSYS INC","submissionCount":17,"passCount":17,"year":2011,"track":"Data Science"},{"companyName":"TEKNOSOL INC","submissionCount":17,"passCount":17,"year":2011,"track":"Data Science"},{"companyName":"YASH SOLUTIONS LLC","submissionCount":17,"passCount":17,"year":2011,"track":"Data Science"},{"companyName":"SALESFORCECOM INC","submissionCount":17,"passCount":15,"year":2011,"track":"Data Science"},{"companyName":"GLOBAL WIRELESS SOLUTIONS INC","submissionCount":17,"passCount":13,"year":2011,"track":"Data Science"},{"companyName":"PANTAR SOLUTIONS INC","submissionCount":16,"passCount":16,"year":2011,"track":"Data Science"},{"companyName":"YAHOO! INC","submissionCount":16,"passCount":15,"year":2011,"track":"Data Science"},{"companyName":"SATYAM COMPUTER SERVICES LIMITED","submissionCount":16,"passCount":14,"year":2011,"track":"Data Science"},{"companyName":"CSC COVANSYS CORPORATION","submissionCount":15,"passCount":15,"year":2011,"track":"Data Science"},{"companyName":"ITECH US INC","submissionCount":15,"passCount":15,"year":2011,"track":"Data Science"},{"companyName":"SIRI INFOSOLUTIONS INC","submissionCount":15,"passCount":14,"year":2011,"track":"Data Science"},{"companyName":"DATAWIN SYSTEMS INC","submissionCount":15,"passCount":13,"year":2011,"track":"Data Science"},{"companyName":"COMPUNNEL SOFTWARE GROUP INC","submissionCount":14,"passCount":14,"year":2011,"track":"Data Science"},{"companyName":"JPMORGAN CHASE & CO","submissionCount":14,"passCount":14,"year":2011,"track":"Data Science"},{"companyName":"SAPPHIRE TECHNOLOGIES LP","submissionCount":14,"passCount":14,"year":2011,"track":"Data Science"},{"companyName":"UNIVERSAL SOFTWARE CORPORATION","submissionCount":14,"passCount":13,"year":2011,"track":"Data Science"},{"companyName":"APPLE INC","submissionCount":13,"passCount":13,"year":2011,"track":"Data Science"},{"companyName":"INTONE NETWORKS INC","submissionCount":13,"passCount":13,"year":2011,"track":"Data Science"},{"companyName":"LUCEO INC","submissionCount":13,"passCount":13,"year":2011,"track":"Data Science"},{"companyName":"TEKNOSTAS INC","submissionCount":13,"passCount":13,"year":2011,"track":"Data Science"},{"companyName":"USCUBE LINKS INC","submissionCount":13,"passCount":13,"year":2011,"track":"Data Science"},{"companyName":"ADORESOFT CORPORATION","submissionCount":12,"passCount":12,"year":2011,"track":"Data Science"},{"companyName":"EDGAR ONLINE INC","submissionCount":12,"passCount":12,"year":2011,"track":"Data Science"},{"companyName":"SCARLET INFOTECH INC DBA EXPEDIEN","submissionCount":12,"passCount":12,"year":2011,"track":"Data Science"},{"companyName":"THOMSON REUTERS (MARKETS) LLC","submissionCount":12,"passCount":12,"year":2011,"track":"Data Science"},{"companyName":"CYGTEC INC","submissionCount":12,"passCount":11,"year":2011,"track":"Data Science"},{"companyName":"PRO-TEK CONSULTING","submissionCount":101,"passCount":84,"year":2016,"track":"UX"},{"companyName":"GOOGLE INC","submissionCount":94,"passCount":91,"year":2016,"track":"UX"},{"companyName":"CUMMINS INC","submissionCount":67,"passCount":55,"year":2016,"track":"UX"},{"companyName":"FACEBOOK INC","submissionCount":55,"passCount":55,"year":2016,"track":"UX"},{"companyName":"VCARVE INC","submissionCount":41,"passCount":39,"year":2016,"track":"UX"},{"companyName":"MICROSOFT CORPORATION","submissionCount":40,"passCount":40,"year":2016,"track":"UX"},{"companyName":"TECHNUMEN INC","submissionCount":38,"passCount":38,"year":2016,"track":"UX"},{"companyName":"AVCO CONSULTING INC","submissionCount":35,"passCount":35,"year":2016,"track":"UX"},{"companyName":"TEXAS INSTRUMENTS INCORPORATED","submissionCount":34,"passCount":34,"year":2016,"track":"UX"},{"companyName":"APPLE INC","submissionCount":32,"passCount":32,"year":2016,"track":"UX"},{"companyName":"COLLABERA INC","submissionCount":31,"passCount":30,"year":2016,"track":"UX"},{"companyName":"POPULUS GROUP LLC","submissionCount":30,"passCount":30,"year":2016,"track":"UX"},{"companyName":"USM BUSINESS SYSTEMS INC","submissionCount":30,"passCount":30,"year":2016,"track":"UX"},{"companyName":"SAP LABS LLC","submissionCount":30,"passCount":28,"year":2016,"track":"UX"},{"companyName":"SOLUTION IT","submissionCount":29,"passCount":28,"year":2016,"track":"UX"},{"companyName":"LINKEDIN CORPORATION","submissionCount":26,"passCount":25,"year":2016,"track":"UX"},{"companyName":"AMAZON CORPORATE LLC","submissionCount":24,"passCount":22,"year":2016,"track":"UX"},{"companyName":"INNOVATIVE INTELLIGENT SOLUTIONS LLC","submissionCount":24,"passCount":20,"year":2016,"track":"UX"},{"companyName":"VALIANTICA INC","submissionCount":23,"passCount":23,"year":2016,"track":"UX"},{"companyName":"IBM INDIA PRIVATE LIMITED","submissionCount":22,"passCount":22,"year":2016,"track":"UX"},{"companyName":"COLLABORATE SOLUTIONS INC","submissionCount":21,"passCount":21,"year":2016,"track":"UX"},{"companyName":"UBS SECURITIES LLC","submissionCount":20,"passCount":14,"year":2016,"track":"UX"},{"companyName":"DENVER PUBLIC SCHOOLS DISTRICT 1","submissionCount":19,"passCount":18,"year":2016,"track":"UX"},{"companyName":"JPMORGAN CHASE & CO","submissionCount":18,"passCount":18,"year":2016,"track":"UX"},{"companyName":"UBER TECHNOLOGIES INC","submissionCount":17,"passCount":17,"year":2016,"track":"UX"},{"companyName":"IBM CORPORATION","submissionCount":17,"passCount":12,"year":2016,"track":"UX"},{"companyName":"CITRIX SYSTEMS INC","submissionCount":17,"passCount":7,"year":2016,"track":"UX"},{"companyName":"DISCOVER PRODUCTS INC","submissionCount":15,"passCount":15,"year":2016,"track":"UX"},{"companyName":"IRIS SOFTWARE INC","submissionCount":15,"passCount":15,"year":2016,"track":"UX"},{"companyName":"SHARPEDGE SOLUTIONS INC","submissionCount":15,"passCount":15,"year":2016,"track":"UX"},{"companyName":"CENTRAPRISE CORP","submissionCount":15,"passCount":14,"year":2016,"track":"UX"},{"companyName":"SALESFORCECOM INC","submissionCount":15,"passCount":14,"year":2016,"track":"UX"},{"companyName":"BLOOMBERG LP","submissionCount":14,"passCount":14,"year":2016,"track":"UX"},{"companyName":"NETFLIX INC","submissionCount":14,"passCount":14,"year":2016,"track":"UX"},{"companyName":"TESLA MOTORS INC","submissionCount":14,"passCount":14,"year":2016,"track":"UX"},{"companyName":"GLOBALFOUNDRIES US INC","submissionCount":14,"passCount":13,"year":2016,"track":"UX"},{"companyName":"MAJESCO SOFTWARE AND SOLUTIONS INC","submissionCount":13,"passCount":13,"year":2016,"track":"UX"},{"companyName":"PHOTON INFOTECH INC","submissionCount":13,"passCount":13,"year":2016,"track":"UX"},{"companyName":"TRENDSET IT INC","submissionCount":13,"passCount":13,"year":2016,"track":"UX"},{"companyName":"YAHOO! INC","submissionCount":13,"passCount":13,"year":2016,"track":"UX"},{"companyName":"SIRI INFOSOLUTIONS INC","submissionCount":13,"passCount":12,"year":2016,"track":"UX"},{"companyName":"INTUIT INC","submissionCount":13,"passCount":11,"year":2016,"track":"UX"},{"companyName":"AIRBNB INC","submissionCount":12,"passCount":12,"year":2016,"track":"UX"},{"companyName":"BARCLAYS SERVICES CORP","submissionCount":12,"passCount":12,"year":2016,"track":"UX"},{"companyName":"TEK SIGNATURE LLC","submissionCount":12,"passCount":12,"year":2016,"track":"UX"},{"companyName":"NUTANIX INC","submissionCount":11,"passCount":11,"year":2016,"track":"UX"},{"companyName":"GALAXY I TECHNOLOGIES INC","submissionCount":10,"passCount":10,"year":2016,"track":"UX"},{"companyName":"ADOBE SYSTEMS INCORPORATED","submissionCount":10,"passCount":9,"year":2016,"track":"UX"},{"companyName":"IDENTITYMINE INC","submissionCount":10,"passCount":8,"year":2016,"track":"UX"},{"companyName":"INNOVAPATH INC","submissionCount":10,"passCount":3,"year":2016,"track":"UX"},{"companyName":"GOOGLE INC","submissionCount":75,"passCount":72,"year":2015,"track":"UX"},{"companyName":"CUMMINS INC","submissionCount":60,"passCount":58,"year":2015,"track":"UX"},{"companyName":"FACEBOOK INC","submissionCount":49,"passCount":49,"year":2015,"track":"UX"},{"companyName":"PRO-TEK CONSULTING","submissionCount":45,"passCount":45,"year":2015,"track":"UX"},{"companyName":"IBM INDIA PRIVATE LIMITED","submissionCount":39,"passCount":36,"year":2015,"track":"UX"},{"companyName":"TEXAS INSTRUMENTS INCORPORATED","submissionCount":37,"passCount":36,"year":2015,"track":"UX"},{"companyName":"APPLE INC","submissionCount":34,"passCount":34,"year":2015,"track":"UX"},{"companyName":"VCARVE INC","submissionCount":30,"passCount":30,"year":2015,"track":"UX"},{"companyName":"AMAZON CORPORATE LLC","submissionCount":30,"passCount":29,"year":2015,"track":"UX"},{"companyName":"SOLUTION IT","submissionCount":29,"passCount":28,"year":2015,"track":"UX"},{"companyName":"DENVER PUBLIC SCHOOLS DISTRICT 1","submissionCount":27,"passCount":26,"year":2015,"track":"UX"},{"companyName":"COLLABORATE SOLUTIONS INC","submissionCount":26,"passCount":25,"year":2015,"track":"UX"},{"companyName":"AVCO CONSULTING INC","submissionCount":24,"passCount":24,"year":2015,"track":"UX"},{"companyName":"MICROSOFT CORPORATION","submissionCount":24,"passCount":24,"year":2015,"track":"UX"},{"companyName":"COLLABERA INC","submissionCount":24,"passCount":23,"year":2015,"track":"UX"},{"companyName":"BARCLAYS CAPITAL INC","submissionCount":22,"passCount":22,"year":2015,"track":"UX"},{"companyName":"USM BUSINESS SYSTEMS INC","submissionCount":21,"passCount":20,"year":2015,"track":"UX"},{"companyName":"ANAGH TECHNOLOGIES INC","submissionCount":21,"passCount":19,"year":2015,"track":"UX"},{"companyName":"LINKEDIN CORPORATION","submissionCount":19,"passCount":19,"year":2015,"track":"UX"},{"companyName":"UBS SECURITIES LLC","submissionCount":18,"passCount":12,"year":2015,"track":"UX"},{"companyName":"TEKZENIT INC","submissionCount":18,"passCount":9,"year":2015,"track":"UX"},{"companyName":"IRIS SOFTWARE INC","submissionCount":16,"passCount":16,"year":2015,"track":"UX"},{"companyName":"VMWARE INC","submissionCount":16,"passCount":16,"year":2015,"track":"UX"},{"companyName":"JPMORGAN CHASE & CO","submissionCount":15,"passCount":15,"year":2015,"track":"UX"},{"companyName":"SHARPEDGE SOLUTIONS INC","submissionCount":15,"passCount":15,"year":2015,"track":"UX"},{"companyName":"CITRIX SYSTEMS INC","submissionCount":15,"passCount":12,"year":2015,"track":"UX"},{"companyName":"AUTODESK INC","submissionCount":14,"passCount":14,"year":2015,"track":"UX"},{"companyName":"IDEO LP","submissionCount":14,"passCount":14,"year":2015,"track":"UX"},{"companyName":"ERP AND ERP CORP","submissionCount":13,"passCount":12,"year":2015,"track":"UX"},{"companyName":"AMPHION GLOBAL INC","submissionCount":12,"passCount":12,"year":2015,"track":"UX"},{"companyName":"BLOOMBERG LP","submissionCount":12,"passCount":12,"year":2015,"track":"UX"},{"companyName":"HUGE LLC","submissionCount":12,"passCount":12,"year":2015,"track":"UX"},{"companyName":"PYRAMID TECHNOLOGY SOLUTIONS INC","submissionCount":11,"passCount":11,"year":2015,"track":"UX"},{"companyName":"US TECH SOLUTIONS INC","submissionCount":11,"passCount":11,"year":2015,"track":"UX"},{"companyName":"YAHOO! INC","submissionCount":11,"passCount":11,"year":2015,"track":"UX"},{"companyName":"IBM CORPORATION","submissionCount":11,"passCount":10,"year":2015,"track":"UX"},{"companyName":"PYRAMID CONSULTING INC","submissionCount":11,"passCount":10,"year":2015,"track":"UX"},{"companyName":"SAPVIX INC","submissionCount":11,"passCount":10,"year":2015,"track":"UX"},{"companyName":"MAJESCO SOFTWARE AND SOLUTIONS INC","submissionCount":10,"passCount":10,"year":2015,"track":"UX"},{"companyName":"SAP LABS LLC","submissionCount":10,"passCount":10,"year":2015,"track":"UX"},{"companyName":"TECHNUMEN INC","submissionCount":10,"passCount":10,"year":2015,"track":"UX"},{"companyName":"VERITIS GROUP INC","submissionCount":10,"passCount":10,"year":2015,"track":"UX"},{"companyName":"WAL-MART ASSOCIATES INC","submissionCount":10,"passCount":10,"year":2015,"track":"UX"},{"companyName":"MICHAEL PAGE INTERNATIONAL INC","submissionCount":10,"passCount":6,"year":2015,"track":"UX"},{"companyName":"LATITUDE 36 INC","submissionCount":9,"passCount":9,"year":2015,"track":"UX"},{"companyName":"NETFLIX INC","submissionCount":9,"passCount":9,"year":2015,"track":"UX"},{"companyName":"R\/GA MEDIA GROUP INC","submissionCount":9,"passCount":9,"year":2015,"track":"UX"},{"companyName":"SAMSUNG RESEARCH AMERICA INC","submissionCount":9,"passCount":9,"year":2015,"track":"UX"},{"companyName":"INTEL CORPORATION","submissionCount":9,"passCount":8,"year":2015,"track":"UX"},{"companyName":"CLARICE TECHNOLOGIES PVT LTD","submissionCount":9,"passCount":7,"year":2015,"track":"UX"},{"companyName":"GOOGLE INC","submissionCount":54,"passCount":54,"year":2014,"track":"UX"},{"companyName":"MICROSOFT CORPORATION","submissionCount":40,"passCount":38,"year":2014,"track":"UX"},{"companyName":"TEXAS INSTRUMENTS INCORPORATED","submissionCount":36,"passCount":34,"year":2014,"track":"UX"},{"companyName":"BARCLAYS CAPITAL INC","submissionCount":28,"passCount":27,"year":2014,"track":"UX"},{"companyName":"APPLE INC","submissionCount":27,"passCount":26,"year":2014,"track":"UX"},{"companyName":"USM BUSINESS SYSTEMS INC","submissionCount":26,"passCount":26,"year":2014,"track":"UX"},{"companyName":"CUMMINS INC","submissionCount":24,"passCount":24,"year":2014,"track":"UX"},{"companyName":"PRO-TEK CONSULTING","submissionCount":24,"passCount":24,"year":2014,"track":"UX"},{"companyName":"FACEBOOK INC","submissionCount":23,"passCount":23,"year":2014,"track":"UX"},{"companyName":"YAHOO! INC","submissionCount":22,"passCount":20,"year":2014,"track":"UX"},{"companyName":"UBS SECURITIES LLC","submissionCount":22,"passCount":18,"year":2014,"track":"UX"},{"companyName":"VMWARE INC","submissionCount":20,"passCount":20,"year":2014,"track":"UX"},{"companyName":"EMBTEL INC","submissionCount":20,"passCount":19,"year":2014,"track":"UX"},{"companyName":"JPMORGAN CHASE & CO","submissionCount":19,"passCount":19,"year":2014,"track":"UX"},{"companyName":"SOLUTION IT","submissionCount":19,"passCount":18,"year":2014,"track":"UX"},{"companyName":"HUGE LLC","submissionCount":18,"passCount":18,"year":2014,"track":"UX"},{"companyName":"R\/GA MEDIA GROUP INC","submissionCount":18,"passCount":18,"year":2014,"track":"UX"},{"companyName":"CITRIX SYSTEMS INC","submissionCount":17,"passCount":17,"year":2014,"track":"UX"},{"companyName":"EOK TECHNOLOGIES INC","submissionCount":16,"passCount":16,"year":2014,"track":"UX"},{"companyName":"TEKZENIT INC","submissionCount":16,"passCount":16,"year":2014,"track":"UX"},{"companyName":"DGN TECHNOLOGIES INC","submissionCount":14,"passCount":14,"year":2014,"track":"UX"},{"companyName":"IDEO LP","submissionCount":14,"passCount":14,"year":2014,"track":"UX"},{"companyName":"DISCOVER PRODUCTS INC","submissionCount":14,"passCount":13,"year":2014,"track":"UX"},{"companyName":"BLOOMBERG LP","submissionCount":12,"passCount":12,"year":2014,"track":"UX"},{"companyName":"SAMSUNG INFORMATION SYSTEMS AMERICA INC","submissionCount":12,"passCount":12,"year":2014,"track":"UX"},{"companyName":"VEDICSOFT","submissionCount":12,"passCount":12,"year":2014,"track":"UX"},{"companyName":"BARCLAYS SERVICES CORP","submissionCount":11,"passCount":11,"year":2014,"track":"UX"},{"companyName":"AMAZON CORPORATE LLC","submissionCount":11,"passCount":9,"year":2014,"track":"UX"},{"companyName":"DIVERSANT LLC","submissionCount":11,"passCount":8,"year":2014,"track":"UX"},{"companyName":"PYRAMID CONSULTING INC","submissionCount":11,"passCount":8,"year":2014,"track":"UX"},{"companyName":"GLOBALFOUNDRIES US INC","submissionCount":10,"passCount":10,"year":2014,"track":"UX"},{"companyName":"IBM CORPORATION","submissionCount":10,"passCount":10,"year":2014,"track":"UX"},{"companyName":"MICHAEL PAGE INTERNATIONAL INC","submissionCount":10,"passCount":10,"year":2014,"track":"UX"},{"companyName":"NEXTXAP INC","submissionCount":10,"passCount":10,"year":2014,"track":"UX"},{"companyName":"IGATE TECHNOLOGIES INC","submissionCount":10,"passCount":9,"year":2014,"track":"UX"},{"companyName":"AVCO CONSULTING INC","submissionCount":9,"passCount":9,"year":2014,"track":"UX"},{"companyName":"GREE INTERNATIONAL INC","submissionCount":9,"passCount":9,"year":2014,"track":"UX"},{"companyName":"GSSR INC","submissionCount":9,"passCount":9,"year":2014,"track":"UX"},{"companyName":"LATITUDE 36 INC","submissionCount":9,"passCount":9,"year":2014,"track":"UX"},{"companyName":"RACKSPACE US INC","submissionCount":9,"passCount":9,"year":2014,"track":"UX"},{"companyName":"SALESFORCECOM INC","submissionCount":9,"passCount":9,"year":2014,"track":"UX"},{"companyName":"NUTANIX INC","submissionCount":9,"passCount":8,"year":2014,"track":"UX"},{"companyName":"DENVER PUBLIC SCHOOLS DISTRICT 1","submissionCount":9,"passCount":7,"year":2014,"track":"UX"},{"companyName":"CIGNEX DATAMATICS INC","submissionCount":8,"passCount":8,"year":2014,"track":"UX"},{"companyName":"DEFIANCE TECHNOLOGIES INC","submissionCount":8,"passCount":8,"year":2014,"track":"UX"},{"companyName":"FUJITSU AMERICA INC","submissionCount":8,"passCount":8,"year":2014,"track":"UX"},{"companyName":"LINKEDIN CORPORATION","submissionCount":8,"passCount":8,"year":2014,"track":"UX"},{"companyName":"QUALITY SOFTWARE SERVICES INC","submissionCount":8,"passCount":8,"year":2014,"track":"UX"},{"companyName":"RAPID GLOBAL BUSINESS SOLUTIONS INC","submissionCount":8,"passCount":8,"year":2014,"track":"UX"},{"companyName":"CYBERTHINK INC","submissionCount":8,"passCount":7,"year":2014,"track":"UX"},{"companyName":"MICROSOFT CORPORATION","submissionCount":33,"passCount":33,"year":2013,"track":"UX"},{"companyName":"TEXAS INSTRUMENTS INCORPORATED","submissionCount":24,"passCount":24,"year":2013,"track":"UX"},{"companyName":"BARCLAYS CAPITAL INC","submissionCount":23,"passCount":22,"year":2013,"track":"UX"},{"companyName":"FACEBOOK INC","submissionCount":22,"passCount":20,"year":2013,"track":"UX"},{"companyName":"APPLE INC","submissionCount":18,"passCount":17,"year":2013,"track":"UX"},{"companyName":"GOOGLE INC","submissionCount":18,"passCount":17,"year":2013,"track":"UX"},{"companyName":"JPMORGAN CHASE & CO","submissionCount":16,"passCount":16,"year":2013,"track":"UX"},{"companyName":"USM BUSINESS SYSTEMS INC","submissionCount":16,"passCount":16,"year":2013,"track":"UX"},{"companyName":"SAP LABS LLC","submissionCount":15,"passCount":14,"year":2013,"track":"UX"},{"companyName":"HUGE LLC","submissionCount":14,"passCount":14,"year":2013,"track":"UX"},{"companyName":"R\/GA MEDIA GROUP INC","submissionCount":14,"passCount":14,"year":2013,"track":"UX"},{"companyName":"VMWARE INC","submissionCount":14,"passCount":14,"year":2013,"track":"UX"},{"companyName":"THE MATHWORKS INC","submissionCount":13,"passCount":13,"year":2013,"track":"UX"},{"companyName":"UBS SECURITIES LLC","submissionCount":13,"passCount":11,"year":2013,"track":"UX"},{"companyName":"UBS AG","submissionCount":11,"passCount":10,"year":2013,"track":"UX"},{"companyName":"YAHOO! INC","submissionCount":11,"passCount":10,"year":2013,"track":"UX"},{"companyName":"AMAZON CORPORATE LLC","submissionCount":10,"passCount":10,"year":2013,"track":"UX"},{"companyName":"IDEO LLC","submissionCount":10,"passCount":10,"year":2013,"track":"UX"},{"companyName":"IRIS SOFTWARE INC","submissionCount":10,"passCount":10,"year":2013,"track":"UX"},{"companyName":"SAPVIX INC","submissionCount":10,"passCount":10,"year":2013,"track":"UX"},{"companyName":"CUMMINS INC","submissionCount":10,"passCount":9,"year":2013,"track":"UX"},{"companyName":"ERP AND ERP CORP","submissionCount":10,"passCount":7,"year":2013,"track":"UX"},{"companyName":"PYRAMID CONSULTING INC","submissionCount":9,"passCount":9,"year":2013,"track":"UX"},{"companyName":"RADUS TEK SERVICES INC","submissionCount":9,"passCount":9,"year":2013,"track":"UX"},{"companyName":"SAMSUNG INFORMATION SYSTEMS AMERICA INC","submissionCount":9,"passCount":9,"year":2013,"track":"UX"},{"companyName":"BLOOMBERG LP","submissionCount":8,"passCount":8,"year":2013,"track":"UX"},{"companyName":"A2Z DEVELOPMENT CENTER INC","submissionCount":7,"passCount":7,"year":2013,"track":"UX"},{"companyName":"EMC CORPORATION","submissionCount":7,"passCount":7,"year":2013,"track":"UX"},{"companyName":"MICHAEL PAGE INTERNATIONAL INC","submissionCount":7,"passCount":7,"year":2013,"track":"UX"},{"companyName":"MICRON TECHNOLOGY INC","submissionCount":7,"passCount":7,"year":2013,"track":"UX"},{"companyName":"PRO-TEK CONSULTING","submissionCount":7,"passCount":7,"year":2013,"track":"UX"},{"companyName":"RANDSTAD TECHNOLOGIES LP","submissionCount":7,"passCount":7,"year":2013,"track":"UX"},{"companyName":"VCARVE INC","submissionCount":7,"passCount":7,"year":2013,"track":"UX"},{"companyName":"WURTH ELECTRONICS MIDCOM INC","submissionCount":7,"passCount":5,"year":2013,"track":"UX"},{"companyName":"ADOBE SYSTEMS INCORPORATED","submissionCount":6,"passCount":6,"year":2013,"track":"UX"},{"companyName":"BARCLAYS SERVICES CORP","submissionCount":6,"passCount":6,"year":2013,"track":"UX"},{"companyName":"COLLABERA INC; PREVIOUSLY KNOWN AS GCI","submissionCount":6,"passCount":6,"year":2013,"track":"UX"},{"companyName":"FIREEYE INC","submissionCount":6,"passCount":6,"year":2013,"track":"UX"},{"companyName":"RACKSPACE US INC","submissionCount":6,"passCount":6,"year":2013,"track":"UX"},{"companyName":"SYNCOMINT INC","submissionCount":6,"passCount":6,"year":2013,"track":"UX"},{"companyName":"THEME SOFT INC","submissionCount":6,"passCount":6,"year":2013,"track":"UX"},{"companyName":"USTWO STUDIO INC","submissionCount":6,"passCount":5,"year":2013,"track":"UX"},{"companyName":"CRISPIN PORTER & BOGUSKY LLC","submissionCount":6,"passCount":4,"year":2013,"track":"UX"},{"companyName":"UST GLOBAL INC","submissionCount":6,"passCount":3,"year":2013,"track":"UX"},{"companyName":"CISCO SYSTEMS INC","submissionCount":5,"passCount":5,"year":2013,"track":"UX"},{"companyName":"CLOUDEEVA INC","submissionCount":5,"passCount":5,"year":2013,"track":"UX"},{"companyName":"GSR TECHNOLOGIES INC","submissionCount":5,"passCount":5,"year":2013,"track":"UX"},{"companyName":"QUALITY SOFTWARE SERVICES INC","submissionCount":5,"passCount":5,"year":2013,"track":"UX"},{"companyName":"QUEST GLOBAL SERVICES-NA INC","submissionCount":5,"passCount":5,"year":2013,"track":"UX"},{"companyName":"MARVELL SEMICONDUCTOR INC","submissionCount":5,"passCount":4,"year":2013,"track":"UX"},{"companyName":"MICROSOFT CORPORATION","submissionCount":46,"passCount":45,"year":2012,"track":"UX"},{"companyName":"TEXAS INSTRUMENTS INCORPORATED","submissionCount":24,"passCount":24,"year":2012,"track":"UX"},{"companyName":"BARCLAYS CAPITAL INC","submissionCount":23,"passCount":22,"year":2012,"track":"UX"},{"companyName":"UBS SECURITIES LLC","submissionCount":20,"passCount":20,"year":2012,"track":"UX"},{"companyName":"APPLE INC","submissionCount":19,"passCount":19,"year":2012,"track":"UX"},{"companyName":"EOK TECHNOLOGIES INC","submissionCount":16,"passCount":16,"year":2012,"track":"UX"},{"companyName":"SYNCOMINT INC","submissionCount":16,"passCount":16,"year":2012,"track":"UX"},{"companyName":"GOOGLE INC","submissionCount":15,"passCount":15,"year":2012,"track":"UX"},{"companyName":"SATYAM-VENTURE ENGINEERING SERVICES PVT LTD","submissionCount":13,"passCount":12,"year":2012,"track":"UX"},{"companyName":"IRIS SOFTWARE INC","submissionCount":13,"passCount":11,"year":2012,"track":"UX"},{"companyName":"AUTODESK INC","submissionCount":12,"passCount":11,"year":2012,"track":"UX"},{"companyName":"IDEO LLC","submissionCount":12,"passCount":10,"year":2012,"track":"UX"},{"companyName":"SALESFORCECOM INC","submissionCount":11,"passCount":11,"year":2012,"track":"UX"},{"companyName":"SAPVIX INC","submissionCount":11,"passCount":11,"year":2012,"track":"UX"},{"companyName":"SYSTEM SOFT TECHNOLOGIES LLC","submissionCount":11,"passCount":10,"year":2012,"track":"UX"},{"companyName":"THE MATHWORKS INC","submissionCount":11,"passCount":10,"year":2012,"track":"UX"},{"companyName":"FACEBOOK INC","submissionCount":10,"passCount":10,"year":2012,"track":"UX"},{"companyName":"GLOBAL EQUIPMENT SERVICES & MANUFACTURING INC","submissionCount":10,"passCount":10,"year":2012,"track":"UX"},{"companyName":"HUGE LLC","submissionCount":10,"passCount":10,"year":2012,"track":"UX"},{"companyName":"VMWARE INC","submissionCount":10,"passCount":10,"year":2012,"track":"UX"},{"companyName":"MICRON TECHNOLOGY INC","submissionCount":10,"passCount":9,"year":2012,"track":"UX"},{"companyName":"BARCLAYS SERVICES CORP","submissionCount":9,"passCount":9,"year":2012,"track":"UX"},{"companyName":"RONZ INFOTECH LLC","submissionCount":9,"passCount":9,"year":2012,"track":"UX"},{"companyName":"ICONMA LLC","submissionCount":8,"passCount":8,"year":2012,"track":"UX"},{"companyName":"SYNECHRON INC","submissionCount":8,"passCount":8,"year":2012,"track":"UX"},{"companyName":"YAHOO! INC","submissionCount":8,"passCount":8,"year":2012,"track":"UX"},{"companyName":"RACKSPACE US INC","submissionCount":8,"passCount":7,"year":2012,"track":"UX"},{"companyName":"SUCCESSFACTORS INC","submissionCount":8,"passCount":7,"year":2012,"track":"UX"},{"companyName":"SEARS HOLDINGS MANAGEMENT CORPORATION","submissionCount":8,"passCount":6,"year":2012,"track":"UX"},{"companyName":"SOLUTION IT  INC","submissionCount":8,"passCount":6,"year":2012,"track":"UX"},{"companyName":"ADOBE SYSTEMS INCORPORATED","submissionCount":7,"passCount":7,"year":2012,"track":"UX"},{"companyName":"AMAZON CORPORATE LLC","submissionCount":7,"passCount":7,"year":2012,"track":"UX"},{"companyName":"BLOOMBERG LP","submissionCount":7,"passCount":7,"year":2012,"track":"UX"},{"companyName":"COMCAST CABLE COMMUNICATIONS LLC","submissionCount":7,"passCount":7,"year":2012,"track":"UX"},{"companyName":"EPAM SYSTEMS INC","submissionCount":7,"passCount":7,"year":2012,"track":"UX"},{"companyName":"MICHAEL PAGE INTERNATIONAL INC","submissionCount":7,"passCount":7,"year":2012,"track":"UX"},{"companyName":"USM BUSINESS SYSTEMS INC","submissionCount":7,"passCount":7,"year":2012,"track":"UX"},{"companyName":"R\/GA MEDIA GROUP INC","submissionCount":7,"passCount":6,"year":2012,"track":"UX"},{"companyName":"FROG DESIGN INC","submissionCount":6,"passCount":6,"year":2012,"track":"UX"},{"companyName":"HANCE INCORPORATED","submissionCount":6,"passCount":6,"year":2012,"track":"UX"},{"companyName":"PYRAMID CONSULTING INC","submissionCount":6,"passCount":6,"year":2012,"track":"UX"},{"companyName":"SOFTWARE TECHNOLOGY GROUP","submissionCount":6,"passCount":5,"year":2012,"track":"UX"},{"companyName":"TECHNOSOFT CORPORATION","submissionCount":6,"passCount":5,"year":2012,"track":"UX"},{"companyName":"APN SOFTWARE SERVICES INC","submissionCount":5,"passCount":5,"year":2012,"track":"UX"},{"companyName":"GLOBALSCHOLAR INC","submissionCount":5,"passCount":5,"year":2012,"track":"UX"},{"companyName":"PMC-SIERRA US INC","submissionCount":5,"passCount":5,"year":2012,"track":"UX"},{"companyName":"TEKSEED SOLUTIONS LLC","submissionCount":5,"passCount":5,"year":2012,"track":"UX"},{"companyName":"UT-BATTELLE LLC (OAK RIDGE NATIONAL LABORATORY)","submissionCount":5,"passCount":5,"year":2012,"track":"UX"},{"companyName":"JPMORGAN CHASE & CO","submissionCount":5,"passCount":4,"year":2012,"track":"UX"},{"companyName":"ORION SYSTEMS INTEGRATORS INC","submissionCount":5,"passCount":4,"year":2012,"track":"UX"},{"companyName":"MICROSOFT CORPORATION","submissionCount":38,"passCount":37,"year":2011,"track":"UX"},{"companyName":"BARCLAYS CAPITAL INC","submissionCount":25,"passCount":25,"year":2011,"track":"UX"},{"companyName":"APPLE INC","submissionCount":18,"passCount":17,"year":2011,"track":"UX"},{"companyName":"UBS SECURITIES LLC","submissionCount":17,"passCount":17,"year":2011,"track":"UX"},{"companyName":"COMCAST CABLE COMMUNICATIONS LLC","submissionCount":14,"passCount":13,"year":2011,"track":"UX"},{"companyName":"R\/GA MEDIA GROUP INC","submissionCount":12,"passCount":10,"year":2011,"track":"UX"},{"companyName":"THE MATHWORKS INC","submissionCount":11,"passCount":11,"year":2011,"track":"UX"},{"companyName":"GLOBALFOUNDRIES US INC","submissionCount":10,"passCount":10,"year":2011,"track":"UX"},{"companyName":"GOOGLE INC","submissionCount":10,"passCount":10,"year":2011,"track":"UX"},{"companyName":"IDEO LLC","submissionCount":10,"passCount":10,"year":2011,"track":"UX"},{"companyName":"CUMMINS INC","submissionCount":9,"passCount":9,"year":2011,"track":"UX"},{"companyName":"NATIONAL SEMICONDUCTOR CORPORATION","submissionCount":9,"passCount":9,"year":2011,"track":"UX"},{"companyName":"UBS AG","submissionCount":8,"passCount":8,"year":2011,"track":"UX"},{"companyName":"INFOSYS  LIMITED","submissionCount":7,"passCount":7,"year":2011,"track":"UX"},{"companyName":"MORNINGSTAR INC","submissionCount":7,"passCount":7,"year":2011,"track":"UX"},{"companyName":"PMC-SIERRA US INC","submissionCount":7,"passCount":7,"year":2011,"track":"UX"},{"companyName":"SALESFORCECOM INC","submissionCount":7,"passCount":7,"year":2011,"track":"UX"},{"companyName":"HUGE LLC","submissionCount":7,"passCount":5,"year":2011,"track":"UX"},{"companyName":"APN SOFTWARE SERVICES INC","submissionCount":6,"passCount":6,"year":2011,"track":"UX"},{"companyName":"AUTODESK INC","submissionCount":6,"passCount":6,"year":2011,"track":"UX"},{"companyName":"BARTRONICS AMERICA INC","submissionCount":6,"passCount":6,"year":2011,"track":"UX"},{"companyName":"BLOOMBERG LP","submissionCount":6,"passCount":6,"year":2011,"track":"UX"},{"companyName":"INFOSYS TECHNOLOGIES LIMITED","submissionCount":6,"passCount":6,"year":2011,"track":"UX"},{"companyName":"KABAM INC","submissionCount":6,"passCount":6,"year":2011,"track":"UX"},{"companyName":"MERRILL LYNCH","submissionCount":6,"passCount":6,"year":2011,"track":"UX"},{"companyName":"NUTECH INFORMATION SYSTEMS INC","submissionCount":6,"passCount":6,"year":2011,"track":"UX"},{"companyName":"RAPID GLOBAL BUSINESS SOLUTIONS INC","submissionCount":6,"passCount":6,"year":2011,"track":"UX"},{"companyName":"SEARS HOLDINGS MANAGEMENT CORPORATION","submissionCount":6,"passCount":6,"year":2011,"track":"UX"},{"companyName":"STAPLES INC","submissionCount":6,"passCount":6,"year":2011,"track":"UX"},{"companyName":"CYBERTHINK INC","submissionCount":6,"passCount":5,"year":2011,"track":"UX"},{"companyName":"ICONMA LLC","submissionCount":6,"passCount":5,"year":2011,"track":"UX"},{"companyName":"M-I LLC AKA M-I SWACO","submissionCount":6,"passCount":5,"year":2011,"track":"UX"},{"companyName":"PARELLI NATURAL HORSE-MAN-SHIP INC","submissionCount":6,"passCount":2,"year":2011,"track":"UX"},{"companyName":"HEADSTRONG SERVICES LLC","submissionCount":5,"passCount":5,"year":2011,"track":"UX"},{"companyName":"IBM CORPORATION","submissionCount":5,"passCount":5,"year":2011,"track":"UX"},{"companyName":"LAB126","submissionCount":5,"passCount":5,"year":2011,"track":"UX"},{"companyName":"OMNIVISION TECHNOLOGIES INC","submissionCount":5,"passCount":5,"year":2011,"track":"UX"},{"companyName":"PYRAMID CONSULTING INC","submissionCount":5,"passCount":5,"year":2011,"track":"UX"},{"companyName":"RBS SECURITIES INC","submissionCount":5,"passCount":5,"year":2011,"track":"UX"},{"companyName":"RECRUITING MINDS INC","submissionCount":5,"passCount":5,"year":2011,"track":"UX"},{"companyName":"SAPPHIRE TECHNOLOGIES LP","submissionCount":5,"passCount":5,"year":2011,"track":"UX"},{"companyName":"SUSQUEHANNA INTERNATIONAL GROUP LLP","submissionCount":5,"passCount":5,"year":2011,"track":"UX"},{"companyName":"YAHOO! INC","submissionCount":5,"passCount":5,"year":2011,"track":"UX"},{"companyName":"CANACCORD GENUITY INC","submissionCount":5,"passCount":4,"year":2011,"track":"UX"},{"companyName":"RACKSPACE US INC","submissionCount":5,"passCount":4,"year":2011,"track":"UX"},{"companyName":"FACEBOOK INC","submissionCount":4,"passCount":4,"year":2011,"track":"UX"},{"companyName":"IHS GLOBAL INC","submissionCount":4,"passCount":4,"year":2011,"track":"UX"},{"companyName":"MICHAEL PAGE INTERNATIONAL INC","submissionCount":4,"passCount":4,"year":2011,"track":"UX"},{"companyName":"ALL AMERICAN HEALTH CARE SERVICES INC","submissionCount":4,"passCount":3,"year":2011,"track":"UX"},{"companyName":"MICRON TECHNOLOGY INC","submissionCount":4,"passCount":3,"year":2011,"track":"UX"}]